Uid,Strand,Substrand,Content domain reference,Year,Module
N01_Y1_NPV,Number and place value,counting (in multiples),N1,Year 1,"count to and across 100, forwards and backwards, beginning with 0 or 1, or from any given number; count in multiples of twos, fives and tens"
N01_Y2_NPV,Number and place value,counting (in multiples),N1,Year 2,"count in steps of 2, 3, and 5 from 0, and in tens from any number, forward or backward"
N01_Y3_NPV,Number and place value,counting (in multiples),N1,Year 3,"count from 0 in multiples of 4, 8, 50 and 100"
N01_Y4_NPV,Number and place value,counting (in multiples),N1,Year 4,"count in multiples of 6, 7, 9, 25 and 1,000"
N01_Y5_NPV,Number and place value,counting (in multiples),N1,Year 5,"count forwards or backwards in steps of powers of 10 for any given number up to 1,000,000"
N01_Y6_NPV,Number and place value,counting (in multiples),N1,Year 6,
N02_Y1_NPV,Number and place value,"read, write, order and compare numbers",N2,Year 1,"count, read and write numbers to 100 in numerals; given a number, identify one more and one less; read and write numbers from 1 to 20 in numerals and words"
N02_Y2_NPV,Number and place value,"read, write, order and compare numbers",N2,Year 2,"read and write numbers to at least 100 in numerals and in words; compare and order numbers from 0 up to 100; use <, > and = signs"
N02_Y3_NPV,Number and place value,"read, write, order and compare numbers",N2,Year 3,"compare and order numbers up to 1,000; read and write numbers to 1,000 in numerals and in words; find 10 or 100 more or less than a given number"
N02_Y4_NPV,Number and place value,"read, write, order and compare numbers",N2,Year 4,"order and compare numbers beyond 1,000; find 1,000 more or less than a given number"
N02_Y5_NPV,Number and place value,"read, write, order and compare numbers",N2,Year 5,"read, write, order and compare numbers to at least 1,000,000"
N02_Y6_NPV,Number and place value,"read, write, order and compare numbers",N2,Year 6,"read, write, order and compare numbers up to 10,000,000"
N03_Y1_NPV,Number and place value,place value; roman numerals,N3,Year 1,
N03_Y2_NPV,Number and place value,place value; roman numerals,N3,Year 2,"recognise the place value of each digit in a two-digit number (tens, ones)"
N03_Y3_NPV,Number and place value,place value; roman numerals,N3,Year 3,"recognise the place value of each digit in a three-digit number (hundreds, tens, ones)"
N03_Y4_NPV,Number and place value,place value; roman numerals,N3,Year 4,"recognise the place value of each digit in a four-digit number (thousands, hundreds, tens and ones); read Roman numerals to 100 (I to C) and know that over time, the numeral system changed to include the concept of zero and place value"
N03_Y5_NPV,Number and place value,place value; roman numerals,N3,Year 5,"determine the value of each digit in numbers up to 1,000,000; read Roman numerals to 1,000 (M) and recognise years written in Roman numerals"
N03_Y6_NPV,Number and place value,place value; roman numerals,N3,Year 6,"determine the value of each digit in numbers up to 10,000,000"
N04_Y1_NPV,Number and place value,"identify, represent and estimate; rounding",N4,Year 1,"identify and represent numbers using objects and pictorial representations including the number line, and use the language of: equal to, more than, less than (fewer), most, least"
N04_Y2_NPV,Number and place value,"identify, represent and estimate; rounding",N4,Year 2,"identify, represent and estimate numbers using different representations, including the number line"
N04_Y3_NPV,Number and place value,"identify, represent and estimate; rounding",N4,Year 3,"identify, represent and estimate numbers using different representations"
N04_Y4_NPV,Number and place value,"identify, represent and estimate; rounding",N4,Year 4,"identify, represent and estimate numbers using different representations; round any number to the nearest 10, 100 or 1,000"
N04_Y5_NPV,Number and place value,"identify, represent and estimate; rounding",N4,Year 5,"round any number up to 1,000,000 to the nearest 10, 100, 1,000, 10,000 and 100,000"
N04_Y6_NPV,Number and place value,"identify, represent and estimate; rounding",N4,Year 6,round any whole number to a required degree of accuracy
N05_Y1_NPV,Number and place value,negative numbers,N5,Year 1,
N05_Y2_NPV,Number and place value,negative numbers,N5,Year 2,
N05_Y3_NPV,Number and place value,negative numbers,N5,Year 3,
N05_Y4_NPV,Number and place value,negative numbers,N5,Year 4,count backwards through zero to include negative numbers
N05_Y5_NPV,Number and place value,negative numbers,N5,Year 5,"interpret negative numbers in context, count forwards and backwards with positive and negative whole numbers, including through zero"
N05_Y6_NPV,Number and place value,negative numbers,N5,Year 6,"use negative numbers in context, and calculate intervals across zero"
N06_Y1_NPV,Number and place value,number problems,N6,Year 1,
N06_Y2_NPV,Number and place value,number problems,N6,Year 2,use place value and number facts to solve problems
N06_Y3_NPV,Number and place value,number problems,N6,Year 3,solve number problems and practical problems involving 3N1-3N4
N06_Y4_NPV,Number and place value,number problems,N6,Year 4,solve number and practical problems that involve 4N1-4N5 and with increasingly large positive numbers
N06_Y5_NPV,Number and place value,number problems,N6,Year 5,solve number problems and practical problems that involve 5N1-5N5
N06_Y6_NPV,Number and place value,number problems,N6,Year 6,solve number problems and practical problems that involve 6N2-6N5
C01_Y1_CALC,"Addition, subtraction, multiplication and division (calculations)",add / subtract mentally,C1,Year 1,represent and use number bonds and related subtraction facts within 20
C01_Y2_CALC,"Addition, subtraction, multiplication and division (calculations)",add / subtract mentally,C1,Year 2,"recall and use addition and subtraction facts to 20 fluently, and derive and use related facts up to 100"
C01_Y3_CALC,"Addition, subtraction, multiplication and division (calculations)",add / subtract mentally,C1,Year 3,"add and subtract numbers mentally, including: a three-digit number and ones, a three-digit number and tens, a three-digit number and hundreds"
C01_Y4_CALC,"Addition, subtraction, multiplication and division (calculations)",add / subtract mentally,C1,Year 4,
C01_Y5_CALC,"Addition, subtraction, multiplication and division (calculations)",add / subtract mentally,C1,Year 5,add and subtract numbers mentally with increasingly large numbers
C01_Y6_CALC,"Addition, subtraction, multiplication and division (calculations)",add / subtract mentally,C1,Year 6,
C02_Y1_CALC,"Addition, subtraction, multiplication and division (calculations)",add / subtract using written methods,C2,Year 1,"add and subtract one-digit and two-digit numbers to 20, including zero; read, write and interpret mathematical statements involving addition (+), subtraction (–) and equals (=) signs"
C02_Y2_CALC,"Addition, subtraction, multiplication and division (calculations)",add / subtract using written methods,C2,Year 2,"add and subtract numbers using concrete objects, pictorial representations, and mentally, including: a two-digit number and ones, a two-digit number and tens, two two-digit numbers, adding three one-digit numbers"
C02_Y3_CALC,"Addition, subtraction, multiplication and division (calculations)",add / subtract using written methods,C2,Year 3,"add and subtract numbers with up to three digits, using formal written methods of columnar addition and subtraction"
C02_Y4_CALC,"Addition, subtraction, multiplication and division (calculations)",add / subtract using written methods,C2,Year 4,add and subtract numbers with up to 4 digits using the formal written methods of columnar addition and subtraction where appropriate
C02_Y5_CALC,"Addition, subtraction, multiplication and division (calculations)",add / subtract using written methods,C2,Year 5,"add and subtract whole numbers with more than 4 digits, including using formal written methods (columnar addition and subtraction)"
C02_Y6_CALC,"Addition, subtraction, multiplication and division (calculations)",add / subtract using written methods,C2,Year 6,
C03_Y1_CALC,"Addition, subtraction, multiplication and division (calculations)","estimate, use inverses and check",C3,Year 1,
C03_Y2_CALC,"Addition, subtraction, multiplication and division (calculations)","estimate, use inverses and check",C3,Year 2,recognise and use the inverse relationship between addition and subtraction and use this to check calculations and missing number problems
C03_Y3_CALC,"Addition, subtraction, multiplication and division (calculations)","estimate, use inverses and check",C3,Year 3,estimate the answer to a calculation and use inverse operations to check answers
C03_Y4_CALC,"Addition, subtraction, multiplication and division (calculations)","estimate, use inverses and check",C3,Year 4,estimate and use inverse operations to check answers to a calculation
C03_Y5_CALC,"Addition, subtraction, multiplication and division (calculations)","estimate, use inverses and check",C3,Year 5,"use rounding to check answers to calculations and determine, in the context of a problem, levels of accuracy"
C03_Y6_CALC,"Addition, subtraction, multiplication and division (calculations)","estimate, use inverses and check",C3,Year 6,"use estimation to check answers to calculations and determine, in the context of a problem, an appropriate degree of accuracy"
C04_Y1_CALC,"Addition, subtraction, multiplication and division (calculations)",add / subtract to solve problems,C4,Year 1,"solve one-step problems that involve addition and subtraction, using concrete objects and pictorial representations, and missing number problems such as 7 = _ – 9"
C04_Y2_CALC,"Addition, subtraction, multiplication and division (calculations)",add / subtract to solve problems,C4,Year 2,"solve problems with addition and subtraction: using concrete objects and pictorial representations, including those involving numbers, quantities and measures; applying their increasing knowledge of mental and written methods"
C04_Y3_CALC,"Addition, subtraction, multiplication and division (calculations)",add / subtract to solve problems,C4,Year 3,"solve problems, including missing number problems, using number facts, place value, and more complex addition and subtraction"
C04_Y4_CALC,"Addition, subtraction, multiplication and division (calculations)",add / subtract to solve problems,C4,Year 4,"solve addition and subtraction two-step problems in contexts, deciding which operations and methods to use and why"
C04_Y5_CALC,"Addition, subtraction, multiplication and division (calculations)",add / subtract to solve problems,C4,Year 5,"solve addition and subtraction multi-step problems in contexts, deciding which operations and methods to use and why"
C04_Y6_CALC,"Addition, subtraction, multiplication and division (calculations)",add / subtract to solve problems,C4,Year 6,"solve addition and subtraction multi-step problems in contexts, deciding which operations and methods to use and why"
C05_Y1_CALC,"Addition, subtraction, multiplication and division (calculations)","properties of number (multiples, factors, primes, squares and cubes)",C5,Year 1,
C05_Y2_CALC,"Addition, subtraction, multiplication and division (calculations)","properties of number (multiples, factors, primes, squares and cubes)",C5,Year 2,
C05_Y3_CALC,"Addition, subtraction, multiplication and division (calculations)","properties of number (multiples, factors, primes, squares and cubes)",C5,Year 3,
C05_Y4_CALC,"Addition, subtraction, multiplication and division (calculations)","properties of number (multiples, factors, primes, squares and cubes)",C5,Year 4,
C05_Y5_CALC,"Addition, subtraction, multiplication and division (calculations)","properties of number (multiples, factors, primes, squares and cubes)",C5,Year 5,"identify multiples and factors, including finding all factor pairs of a number and common factors of two numbers; know and use the vocabulary of prime numbers, prime factors and composite (non-prime) numbers; establish whether a number up to 100 is prime and recall prime numbers up to 19; recognise and use square numbers and cube numbers, and the notation for squared (²) and cubed (³)"
C05_Y6_CALC,"Addition, subtraction, multiplication and division (calculations)","properties of number (multiples, factors, primes, squares and cubes)",C5,Year 6,"identify common factors, common multiples and prime numbers"
C06_Y1_CALC,"Addition, subtraction, multiplication and division (calculations)",multiply / divide mentally,C6,Year 1,
C06_Y2_CALC,"Addition, subtraction, multiplication and division (calculations)",multiply / divide mentally,C6,Year 2,"recall and use multiplication and division facts for the 2, 5 and 10 multiplication tables, including recognising odd and even numbers"
C06_Y3_CALC,"Addition, subtraction, multiplication and division (calculations)",multiply / divide mentally,C6,Year 3,"recall and use multiplication and division facts for the 3, 4 and 8 multiplication tables"
C06_Y4_CALC,"Addition, subtraction, multiplication and division (calculations)",multiply / divide mentally,C6,Year 4,"recall multiplication and division facts for multiplication tables up to 12 x 12; use place value, known and derived facts to multiply and divide mentally, including: multiplying by 0 and 1, dividing by 1, multiplying together three numbers; recognise and use factor pairs and commutativity in mental calculations"
C06_Y5_CALC,"Addition, subtraction, multiplication and division (calculations)",multiply / divide mentally,C6,Year 5,"multiply and divide numbers mentally drawing upon known facts; multiply and divide whole numbers and those involving decimals by 10, 100 and 1,000"
C06_Y6_CALC,"Addition, subtraction, multiplication and division (calculations)",multiply / divide mentally,C6,Year 6,"perform mental calculations, including with mixed operations and large numbers"
C07_Y1_CALC,"Addition, subtraction, multiplication and division (calculations)",multiply / divide using written methods,C7,Year 1,
C07_Y2_CALC,"Addition, subtraction, multiplication and division (calculations)",multiply / divide using written methods,C7,Year 2,"calculate mathematical statements for multiplication and division within the multiplication tables and write them using the multiplication (×), division (÷) and equals (=) signs"
C07_Y3_CALC,"Addition, subtraction, multiplication and division (calculations)",multiply / divide using written methods,C7,Year 3,"write and calculate mathematical statements for multiplication and division using the multiplication tables that pupils know, including for two-digit numbers times one-digit numbers, using mental and progressing to formal written methods"
C07_Y4_CALC,"Addition, subtraction, multiplication and division (calculations)",multiply / divide using written methods,C7,Year 4,multiply two-digit and three-digit numbers by a one-digit number using formal written layout
C07_Y5_CALC,"Addition, subtraction, multiplication and division (calculations)",multiply / divide using written methods,C7,Year 5,"multiply numbers up to 4 digits by a one- or two-digit number using a formal written method, including long multiplication for two-digit numbers; divide numbers up to 4 digits by a one-digit number using the formal written method of short division and interpret remainders appropriately for the context"
C07_Y6_CALC,"Addition, subtraction, multiplication and division (calculations)",multiply / divide using written methods,C7,Year 6,"multiply multi-digit numbers up to 4 digits by a two-digit whole number using the formal written method of long multiplication; divide numbers up to 4 digits by a two-digit whole number using the formal written method of long division, and interpret remainders as whole number remainders, fractions, or by rounding, as appropriate for the context; divide numbers up to 4 digits by a two-digit number using the formal written method of short division where appropriate, interpreting remainders according to the context"
C08_Y1_CALC,"Addition, subtraction, multiplication and division (calculations)","solve problems (commutative, associative, distributive and all four operations)",C8,Year 1,"solve one-step problems involving multiplication and division, by calculating the answer using concrete objects, pictorial representations and arrays with the support of the teacher"
C08_Y2_CALC,"Addition, subtraction, multiplication and division (calculations)","solve problems (commutative, associative, distributive and all four operations)",C8,Year 2,"solve problems involving multiplication and division, using materials, arrays, repeated addition, mental methods, and multiplication and division facts, including problems in contexts; show that addition of two numbers can be done in any order (commutative) and subtraction of one number from another cannot; show that multiplication of two numbers can be done in any order (commutative) and division of one number by another cannot"
C08_Y3_CALC,"Addition, subtraction, multiplication and division (calculations)","solve problems (commutative, associative, distributive and all four operations)",C8,Year 3,"solve problems, including missing number problems, involving multiplication and division, including integer scaling problems and correspondence problems in which n objects are connected to m objects"
C08_Y4_CALC,"Addition, subtraction, multiplication and division (calculations)","solve problems (commutative, associative, distributive and all four operations)",C8,Year 4,"solve problems involving multiplying and adding, including using the distributive law to multiply two-digit numbers by one digit, integer scaling problems and harder correspondence problems such as n objects are connected to m objects"
C08_Y5_CALC,"Addition, subtraction, multiplication and division (calculations)","solve problems (commutative, associative, distributive and all four operations)",C8,Year 5,"solve problems involving multiplication and division including using their knowledge of factors and multiples, squares and cubes; solve problems involving addition, subtraction, multiplication and division and a combination of these, including understanding the meaning of the equals sign; solve problems involving multiplication and division including scaling by simple fractions and problems involving simple rates"
C08_Y6_CALC,"Addition, subtraction, multiplication and division (calculations)","solve problems (commutative, associative, distributive and all four operations)",C8,Year 6,"solve problems involving addition, subtraction, multiplication and division"
C09_Y1_CALC,"Addition, subtraction, multiplication and division (calculations)",order of operations,C9,Year 1,
C09_Y2_CALC,"Addition, subtraction, multiplication and division (calculations)",order of operations,C9,Year 2,
C09_Y3_CALC,"Addition, subtraction, multiplication and division (calculations)",order of operations,C9,Year 3,
C09_Y4_CALC,"Addition, subtraction, multiplication and division (calculations)",order of operations,C9,Year 4,
C09_Y5_CALC,"Addition, subtraction, multiplication and division (calculations)",order of operations,C9,Year 5,
C09_Y6_CALC,"Addition, subtraction, multiplication and division (calculations)",order of operations,C9,Year 6,use their knowledge of the order of operations to carry out calculations involving the four operations
F01_Y1_FRAC,"Fractions, decimals and percentages","recognise, find, write, name and count fractions",F1,Year 1,"recognise, find and name a half as one of two equal parts of an object, shape or quantity; recognise, find and name a quarter as one of four equal parts of an object, shape or quantity"
F01_Y2_FRAC,"Fractions, decimals and percentages","recognise, find, write, name and count fractions",F1,Year 2,"recognise, find, name and write fractions ⅓, ¼, ²⁄₄ and ¾ of a length, shape, set of objects or quantity; write simple fractions, for example, ½ of 6 = 3"
F01_Y3_FRAC,"Fractions, decimals and percentages","recognise, find, write, name and count fractions",F1,Year 3,"count up and down in tenths, recognise that tenths arise from dividing an object into 10 equal parts and in dividing one-digit numbers or quantities by 10; recognise, find and write fractions of a discrete set of objects: unit fractions and non-unit fractions with small denominators; recognise and use fractions as numbers: unit fractions and non-unit fractions with small denominators"
F01_Y4_FRAC,"Fractions, decimals and percentages","recognise, find, write, name and count fractions",F1,Year 4,count up and down in hundredths; recognise that hundredths arise when dividing an object by a hundred and dividing tenths by ten
F01_Y5_FRAC,"Fractions, decimals and percentages","recognise, find, write, name and count fractions",F1,Year 5,
F01_Y6_FRAC,"Fractions, decimals and percentages","recognise, find, write, name and count fractions",F1,Year 6,
F02_Y1_FRAC,"Fractions, decimals and percentages",equivalent fractions,F2,Year 1,
F02_Y2_FRAC,"Fractions, decimals and percentages",equivalent fractions,F2,Year 2,recognise the equivalence of ²⁄₄ and ½
F02_Y3_FRAC,"Fractions, decimals and percentages",equivalent fractions,F2,Year 3,"recognise and show, using diagrams, equivalent fractions with small denominators"
F02_Y4_FRAC,"Fractions, decimals and percentages",equivalent fractions,F2,Year 4,"recognise and show, using diagrams, families of common equivalent fractions"
F02_Y5_FRAC,"Fractions, decimals and percentages",equivalent fractions,F2,Year 5,"recognise mixed numbers and improper fractions and convert from one form to the other; write mathematical statements >1 as a mixed number [e.g. ⅖ + ⅘ = ⁶⁄₅ = 1⅕]; identify name and write equivalent fractions of a given fraction, represented visually, including tenths and hundredths"
F02_Y6_FRAC,"Fractions, decimals and percentages",equivalent fractions,F2,Year 6,use common factors to simplify fractions; use common multiples to express fractions in the same denomination
F03_Y1_FRAC,"Fractions, decimals and percentages",comparing and ordering fractions,F3,Year 1,
F03_Y2_FRAC,"Fractions, decimals and percentages",comparing and ordering fractions,F3,Year 2,
F03_Y3_FRAC,"Fractions, decimals and percentages",comparing and ordering fractions,F3,Year 3,compare and order unit fractions and fractions with the same denominators
F03_Y4_FRAC,"Fractions, decimals and percentages",comparing and ordering fractions,F3,Year 4,
F03_Y5_FRAC,"Fractions, decimals and percentages",comparing and ordering fractions,F3,Year 5,compare and order fractions whose denominators are all multiples of the same number
F03_Y6_FRAC,"Fractions, decimals and percentages",comparing and ordering fractions,F3,Year 6,"compare and order fractions, including fractions > 1"
F04_Y1_FRAC,"Fractions, decimals and percentages",add / subtract fractions,F4,Year 1,
F04_Y2_FRAC,"Fractions, decimals and percentages",add / subtract fractions,F4,Year 2,
F04_Y3_FRAC,"Fractions, decimals and percentages",add / subtract fractions,F4,Year 3,add and subtract fractions with the same denominator within one whole [e.g. ⅚ + ⅚ = ⁶⁄₇]
F04_Y4_FRAC,"Fractions, decimals and percentages",add / subtract fractions,F4,Year 4,add and subtract fractions with the same denominator
F04_Y5_FRAC,"Fractions, decimals and percentages",add / subtract fractions,F4,Year 5,add and subtract fractions with the same denominator and denominators that are multiples of the same number
F04_Y6_FRAC,"Fractions, decimals and percentages",add / subtract fractions,F4,Year 6,"add and subtract fractions with different denominators and mixed numbers, using the concept of equivalent fractions"
F05_Y1_FRAC,"Fractions, decimals and percentages",multiply / divide fractions,F5,Year 1,
F05_Y2_FRAC,"Fractions, decimals and percentages",multiply / divide fractions,F5,Year 2,
F05_Y3_FRAC,"Fractions, decimals and percentages",multiply / divide fractions,F5,Year 3,
F05_Y4_FRAC,"Fractions, decimals and percentages",multiply / divide fractions,F5,Year 4,
F05_Y5_FRAC,"Fractions, decimals and percentages",multiply / divide fractions,F5,Year 5,"multiply proper fractions and mixed numbers by whole numbers, supported by materials and diagrams"
F05_Y6_FRAC,"Fractions, decimals and percentages",multiply / divide fractions,F5,Year 6,"multiply simple pairs of proper fractions, writing the answer in its simplest form [e.g. ¼ x ½ = ⅛]; divide proper fractions by whole numbers [e.g. ⅓ ÷ 2 = ⅙]"
F06_Y1_FRAC,"Fractions, decimals and percentages",fractions / decimals equivalence,F6,Year 1,
F06_Y2_FRAC,"Fractions, decimals and percentages",fractions / decimals equivalence,F6,Year 2,
F06_Y3_FRAC,"Fractions, decimals and percentages",fractions / decimals equivalence,F6,Year 3,
F06_Y4_FRAC,"Fractions, decimals and percentages",fractions / decimals equivalence,F6,Year 4,"recognise and write decimal equivalents to ¼, ½, ¾; recognise and write decimal equivalents of any number of tenths or hundredths"
F06_Y5_FRAC,"Fractions, decimals and percentages",fractions / decimals equivalence,F6,Year 5,"read and write decimal numbers as fractions [e.g. 0.71 = ⁷¹⁄₁₀₀]; recognise and use thousandths and relate them to tenths, hundredths and decimal equivalents"
F06_Y6_FRAC,"Fractions, decimals and percentages",fractions / decimals equivalence,F6,Year 6,associate a fraction with division to calculate decimal fraction equivalents (e.g. 0.375) for a simple fraction [e.g. ⅜]
F07_Y1_FRAC,"Fractions, decimals and percentages",rounding decimals,F7,Year 1,
F07_Y2_FRAC,"Fractions, decimals and percentages",rounding decimals,F7,Year 2,
F07_Y3_FRAC,"Fractions, decimals and percentages",rounding decimals,F7,Year 3,
F07_Y4_FRAC,"Fractions, decimals and percentages",rounding decimals,F7,Year 4,round decimals with one decimal place to the nearest whole number
F07_Y5_FRAC,"Fractions, decimals and percentages",rounding decimals,F7,Year 5,round decimals with two decimal places to the nearest whole number and to one decimal place
F07_Y6_FRAC,"Fractions, decimals and percentages",rounding decimals,F7,Year 6,
F08_Y1_FRAC,"Fractions, decimals and percentages",compare and order decimals,F8,Year 1,
F08_Y2_FRAC,"Fractions, decimals and percentages",compare and order decimals,F8,Year 2,
F08_Y3_FRAC,"Fractions, decimals and percentages",compare and order decimals,F8,Year 3,
F08_Y4_FRAC,"Fractions, decimals and percentages",compare and order decimals,F8,Year 4,compare numbers with the same number of decimal places up to two decimal places
F08_Y5_FRAC,"Fractions, decimals and percentages",compare and order decimals,F8,Year 5,"read, write, order and compare numbers with up to three decimal places"
F08_Y6_FRAC,"Fractions, decimals and percentages",compare and order decimals,F8,Year 6,
F09_Y1_FRAC,"Fractions, decimals and percentages",multiply / divide decimals,F9,Year 1,
F09_Y2_FRAC,"Fractions, decimals and percentages",multiply / divide decimals,F9,Year 2,
F09_Y3_FRAC,"Fractions, decimals and percentages",multiply / divide decimals,F9,Year 3,
F09_Y4_FRAC,"Fractions, decimals and percentages",multiply / divide decimals,F9,Year 4,"find the effect of dividing a one- or two-digit number by 10 and 100, identifying the value of the digits in the answer as ones, tenths and hundredths"
F09_Y5_FRAC,"Fractions, decimals and percentages",multiply / divide decimals,F9,Year 5,
F09_Y6_FRAC,"Fractions, decimals and percentages",multiply / divide decimals,F9,Year 6,"identify the value of each digit to three decimal places and multiply and divide numbers by 10, 100 and 1,000 giving answers up to three decimal places; multiply one-digit numbers with up to two-decimal places by whole numbers; use written division methods in cases where the answer has up to two-decimal places"
F10_Y1_FRAC,"Fractions, decimals and percentages",solve problems with fractions and decimals,F10,Year 1,
F10_Y2_FRAC,"Fractions, decimals and percentages",solve problems with fractions and decimals,F10,Year 2,
F10_Y3_FRAC,"Fractions, decimals and percentages",solve problems with fractions and decimals,F10,Year 3,solve problems that involve 3F1-3F4
F10_Y4_FRAC,"Fractions, decimals and percentages",solve problems with fractions and decimals,F10,Year 4,"solve problems involving increasingly harder fractions to calculate quantities and fractions to divide quantities, including non-unit fractions where the answer is a whole number; solve simple measure and money problems involving fractions and decimals to two decimal places"
F10_Y5_FRAC,"Fractions, decimals and percentages",solve problems with fractions and decimals,F10,Year 5,solve problems involving numbers up to three decimal places
F10_Y6_FRAC,"Fractions, decimals and percentages",solve problems with fractions and decimals,F10,Year 6,solve problems which require answers to be rounded to specified degrees of accuracy
F11_Y1_FRAC,"Fractions, decimals and percentages",fractions / decimal / percentage equivalence,F11,Year 1,
F11_Y2_FRAC,"Fractions, decimals and percentages",fractions / decimal / percentage equivalence,F11,Year 2,
F11_Y3_FRAC,"Fractions, decimals and percentages",fractions / decimal / percentage equivalence,F11,Year 3,
F11_Y4_FRAC,"Fractions, decimals and percentages",fractions / decimal / percentage equivalence,F11,Year 4,
F11_Y5_FRAC,"Fractions, decimals and percentages",fractions / decimal / percentage equivalence,F11,Year 5,"recognise the per cent symbol (%) and understand that per cent relates to 'number of parts per hundred'; write percentages as a fraction with denominator hundred, and as a decimal"
F11_Y6_FRAC,"Fractions, decimals and percentages",fractions / decimal / percentage equivalence,F11,Year 6,"recall and use equivalences between simple fractions, decimals and percentages, including in different contexts"
F12_Y1_FRAC,"Fractions, decimals and percentages",solve problems with percentages,F12,Year 1,
F12_Y2_FRAC,"Fractions, decimals and percentages",solve problems with percentages,F12,Year 2,
F12_Y3_FRAC,"Fractions, decimals and percentages",solve problems with percentages,F12,Year 3,
F12_Y4_FRAC,"Fractions, decimals and percentages",solve problems with percentages,F12,Year 4,
F12_Y5_FRAC,"Fractions, decimals and percentages",solve problems with percentages,F12,Year 5,"solve problems that require knowing percentage and decimal equivalents of ½, ¼, ⅕, ⅖, ⅘ and those fractions with a denominator of a multiple of 10 or 25"
F12_Y6_FRAC,"Fractions, decimals and percentages",solve problems with percentages,F12,Year 6,
R01_Y1_RATIO,Ratio and proportion,"relative sizes, similarity",R1,Year 1,
R01_Y2_RATIO,Ratio and proportion,"relative sizes, similarity",R1,Year 2,
R01_Y3_RATIO,Ratio and proportion,"relative sizes, similarity",R1,Year 3,
R01_Y4_RATIO,Ratio and proportion,"relative sizes, similarity",R1,Year 4,
R01_Y5_RATIO,Ratio and proportion,"relative sizes, similarity",R1,Year 5,
R01_Y6_RATIO,Ratio and proportion,"relative sizes, similarity",R1,Year 6,"solve problems involving the relative sizes of two quantities, where missing values can be found by using integer multiplication and division facts"
R02_Y1_RATIO,Ratio and proportion,use of percentages for comparison,R2,Year 1,
R02_Y2_RATIO,Ratio and proportion,use of percentages for comparison,R2,Year 2,
R02_Y3_RATIO,Ratio and proportion,use of percentages for comparison,R2,Year 3,
R02_Y4_RATIO,Ratio and proportion,use of percentages for comparison,R2,Year 4,
R02_Y5_RATIO,Ratio and proportion,use of percentages for comparison,R2,Year 5,
R02_Y6_RATIO,Ratio and proportion,use of percentages for comparison,R2,Year 6,solve problems involving the calculation of percentages [e.g. of measures such as 15% of 360] and the use of percentages for comparison
R03_Y1_RATIO,Ratio and proportion,scale factors,R3,Year 1,
R03_Y2_RATIO,Ratio and proportion,scale factors,R3,Year 2,
R03_Y3_RATIO,Ratio and proportion,scale factors,R3,Year 3,
R03_Y4_RATIO,Ratio and proportion,scale factors,R3,Year 4,
R03_Y5_RATIO,Ratio and proportion,scale factors,R3,Year 5,
R03_Y6_RATIO,Ratio and proportion,scale factors,R3,Year 6,solve problem involving similar shapes where the scale factor is known or can be found
R04_Y1_RATIO,Ratio and proportion,unequal sharing and grouping,R4,Year 1,
R04_Y2_RATIO,Ratio and proportion,unequal sharing and grouping,R4,Year 2,
R04_Y3_RATIO,Ratio and proportion,unequal sharing and grouping,R4,Year 3,
R04_Y4_RATIO,Ratio and proportion,unequal sharing and grouping,R4,Year 4,
R04_Y5_RATIO,Ratio and proportion,unequal sharing and grouping,R4,Year 5,
R04_Y6_RATIO,Ratio and proportion,unequal sharing and grouping,R4,Year 6,solve problems involving unequal sharing and grouping using knowledge of fractions and multiples
A01_Y1_ALG,Algebra,missing number problems expressed in algebra,A1,Year 1,
A01_Y2_ALG,Algebra,missing number problems expressed in algebra,A1,Year 2,
A01_Y3_ALG,Algebra,missing number problems expressed in algebra,A1,Year 3,
A01_Y4_ALG,Algebra,missing number problems expressed in algebra,A1,Year 4,
A01_Y5_ALG,Algebra,missing number problems expressed in algebra,A1,Year 5,
A01_Y6_ALG,Algebra,missing number problems expressed in algebra,A1,Year 6,express missing number problems algebraically
A02_Y1_ALG,Algebra,simple formulae expressed in words,A2,Year 1,
A02_Y2_ALG,Algebra,simple formulae expressed in words,A2,Year 2,
A02_Y3_ALG,Algebra,simple formulae expressed in words,A2,Year 3,
A02_Y4_ALG,Algebra,simple formulae expressed in words,A2,Year 4,
A02_Y5_ALG,Algebra,simple formulae expressed in words,A2,Year 5,
A02_Y6_ALG,Algebra,simple formulae expressed in words,A2,Year 6,use simple formulae
A03_Y1_ALG,Algebra,generate and describe linear number sequences,A3,Year 1,
A03_Y2_ALG,Algebra,generate and describe linear number sequences,A3,Year 2,
A03_Y3_ALG,Algebra,generate and describe linear number sequences,A3,Year 3,
A03_Y4_ALG,Algebra,generate and describe linear number sequences,A3,Year 4,
A03_Y5_ALG,Algebra,generate and describe linear number sequences,A3,Year 5,
A03_Y6_ALG,Algebra,generate and describe linear number sequences,A3,Year 6,generate and describe linear number sequences
A04_Y1_ALG,Algebra,number sentences involving two unknowns,A4,Year 1,
A04_Y2_ALG,Algebra,number sentences involving two unknowns,A4,Year 2,
A04_Y3_ALG,Algebra,number sentences involving two unknowns,A4,Year 3,
A04_Y4_ALG,Algebra,number sentences involving two unknowns,A4,Year 4,
A04_Y5_ALG,Algebra,number sentences involving two unknowns,A4,Year 5,
A04_Y6_ALG,Algebra,number sentences involving two unknowns,A4,Year 6,find pairs of numbers that satisfy an equation with two unknowns
A05_Y1_ALG,Algebra,enumerate all possibilities of combinations of two variables,A5,Year 1,
A05_Y2_ALG,Algebra,enumerate all possibilities of combinations of two variables,A5,Year 2,
A05_Y3_ALG,Algebra,enumerate all possibilities of combinations of two variables,A5,Year 3,
A05_Y4_ALG,Algebra,enumerate all possibilities of combinations of two variables,A5,Year 4,
A05_Y5_ALG,Algebra,enumerate all possibilities of combinations of two variables,A5,Year 5,
A05_Y6_ALG,Algebra,enumerate all possibilities of combinations of two variables,A5,Year 6,enumerate possibilities of combinations of two variables
M01_Y1_MEAS,Measurement,"compare, describe and order measures",M1,Year 1,"compare, describe and solve practical problems for: lengths and heights (e.g. long/short, taller/shorter); mass/weight (e.g. heavy/light, heavier than); capacity and volume (e.g. full/empty, more than/less than); time (e.g. quicker, slower)"
M01_Y2_MEAS,Measurement,"compare, describe and order measures",M1,Year 2,"compare and order lengths, mass, volume/capacity and record the results using >, < and ="
M01_Y3_MEAS,Measurement,"compare, describe and order measures",M1,Year 3,compare lengths (m/cm/mm); compare mass (kg/g); compare volume/capacity (l/ml)
M01_Y4_MEAS,Measurement,"compare, describe and order measures",M1,Year 4,"compare different measures, including money in pounds and pence"
M01_Y5_MEAS,Measurement,"compare, describe and order measures",M1,Year 5,
M01_Y6_MEAS,Measurement,"compare, describe and order measures",M1,Year 6,
M02_Y1_MEAS,Measurement,"estimate, measure and read scales",M2,Year 1,"measure and begin to record: lengths and heights; mass/weight; capacity and volume; time (hours, minutes, seconds)"
M02_Y2_MEAS,Measurement,"estimate, measure and read scales",M2,Year 2,"choose and use appropriate standard units to estimate and measure: length/height (m/cm); mass (kg/g); temperature (°C); capacity (litres/ml) to the nearest appropriate unit, using rulers, scales, thermometers and measuring vessels"
M02_Y3_MEAS,Measurement,"estimate, measure and read scales",M2,Year 3,measure lengths (m/cm/mm); measure mass (kg/g); measure volume / capacity (l/ml)
M02_Y4_MEAS,Measurement,"estimate, measure and read scales",M2,Year 4,"estimate different measures, including money in pounds and pence"
M02_Y5_MEAS,Measurement,"estimate, measure and read scales",M2,Year 5,
M02_Y6_MEAS,Measurement,"estimate, measure and read scales",M2,Year 6,
M03_Y1_MEAS,Measurement,money,M3,Year 1,recognise and know the value of different denominations of coins and notes
M03_Y2_MEAS,Measurement,money,M3,Year 2,recognise and use symbols for pounds (£) and pence (p); combine amounts to make a particular value; find different combinations of coins that equal the same amounts of money
M03_Y3_MEAS,Measurement,money,M3,Year 3,Key stage 1 content domain
M03_Y4_MEAS,Measurement,money,M3,Year 4,
M03_Y5_MEAS,Measurement,money,M3,Year 5,
M03_Y6_MEAS,Measurement,money,M3,Year 6,
M04_Y1_MEAS,Measurement,"telling time, ordering time, duration and units of time",M4,Year 1,"tell the time to the hour and half past the hour and draw the hands on a clock face to show these times; sequence events in chronological order using language (e.g. before, after, next); recognise and use language relating to dates, including days of the week, weeks, months and years"
M04_Y2_MEAS,Measurement,"telling time, ordering time, duration and units of time",M4,Year 2,"tell and write the time to five minutes, including quarter past/to the hour and draw the hands on a clock face to show these times; compare and sequence intervals of time; know the number of minutes in an hour and the number of hours in a day"
M04_Y3_MEAS,Measurement,"telling time, ordering time, duration and units of time",M4,Year 3,"tell and write the time from an analogue clock; 12-hour clocks; tell and write the time from an analogue clock; 24-hour clocks; tell and write the time from an analogue clock, including using Roman numerals from I to XII; estimate and read time with increasing accuracy to the nearest minute; record and compare time in terms of seconds, minutes and hours; use vocabulary such as o'clock / a.m. / p.m., morning, afternoon, noon and midnight; know the number of seconds in a minute and the number of days in each month, year and leap year; compare durations of events, [e.g. to calculate the time taken by particular events or tasks]"
M04_Y4_MEAS,Measurement,"telling time, ordering time, duration and units of time",M4,Year 4,"read, write and convert time between analogue and digital 12-hour clocks; read, write and convert time between analogue and digital 24-hour clocks; solve problems involving converting from hours to minutes; minutes to seconds; years to months; weeks to days"
M04_Y5_MEAS,Measurement,"telling time, ordering time, duration and units of time",M4,Year 5,solve problems involving converting between units of time
M04_Y6_MEAS,Measurement,"telling time, ordering time, duration and units of time",M4,Year 6,
M05_Y1_MEAS,Measurement,convert between metric units,M5,Year 1,
M05_Y2_MEAS,Measurement,convert between metric units,M5,Year 2,
M05_Y3_MEAS,Measurement,convert between metric units,M5,Year 3,
M05_Y4_MEAS,Measurement,convert between metric units,M5,Year 4,
M05_Y5_MEAS,Measurement,convert between metric units,M5,Year 5,convert between different units of metric measure [e.g. kilometre and metre; centimetre and metre; centimetre and millimetre; gram and kilogram; litre and millilitre]
M05_Y6_MEAS,Measurement,convert between metric units,M5,Year 6,
M06_Y1_MEAS,Measurement,convert metric / imperial,M6,Year 1,
M06_Y2_MEAS,Measurement,convert metric / imperial,M6,Year 2,
M06_Y3_MEAS,Measurement,convert metric / imperial,M6,Year 3,
M06_Y4_MEAS,Measurement,convert metric / imperial,M6,Year 4,convert between different units of measurement [e.g. kilometre to metre; hour to minute]
M06_Y5_MEAS,Measurement,convert metric / imperial,M6,Year 5,"understand and use approximate equivalences between metric units and common imperial units such as inches, pounds and pints"
M06_Y6_MEAS,Measurement,convert metric / imperial,M6,Year 6,"use, read, write and convert between standard units, converting measurements of length, mass, volume and time from a smaller unit of measure to a larger unit, and vice versa, using decimal notation of up to three decimal places; convert between miles and kilometres"
M07_Y1_MEAS,Measurement,"perimeter, area",M7,Year 1,
M07_Y2_MEAS,Measurement,"perimeter, area",M7,Year 2,
M07_Y3_MEAS,Measurement,"perimeter, area",M7,Year 3,measure the perimeter of simple 2-D shapes
M07_Y4_MEAS,Measurement,"perimeter, area",M7,Year 4,measure and calculate the perimeter of a rectilinear figure (including squares) in centimetres and metres; find the area of rectilinear shapes by counting squares
M07_Y5_MEAS,Measurement,"perimeter, area",M7,Year 5,"measure and calculate the perimeter of composite rectilinear shapes in centimetres and metres; calculate and compare the area of rectangles (including squares), and including using standard units, square centimetres (cm²) and square metres (m²) and estimate the area of irregular shapes"
M07_Y6_MEAS,Measurement,"perimeter, area",M7,Year 6,recognise that shapes with the same areas can have different perimeters and vice versa; calculate the area of parallelograms and triangles; recognise when it is possible to use the formulae for the area of shapes
M08_Y1_MEAS,Measurement,volume,M8,Year 1,
M08_Y2_MEAS,Measurement,volume,M8,Year 2,
M08_Y3_MEAS,Measurement,volume,M8,Year 3,
M08_Y4_MEAS,Measurement,volume,M8,Year 4,
M08_Y5_MEAS,Measurement,volume,M8,Year 5,estimate volume [e.g. using 1 cm³ blocks to build cuboids (including cubes)] and capacity [e.g. using water]
M08_Y6_MEAS,Measurement,volume,M8,Year 6,"calculate, estimate and compare volume of cubes and cuboids using standard units, including centimetre cubed (cm³) and cubic metres (m³), and extending to other units [e.g. mm³ and km³]; recognise when it is possible to use the formulae for the volume of shapes"
M09_Y1_MEAS,Measurement,"solve problems (a, money; b, length; c, mass / weight; d, capacity / volume)",M9,Year 1,
M09_Y2_MEAS,Measurement,"solve problems (a, money; b, length; c, mass / weight; d, capacity / volume)",M9,Year 2,"solve simple problems in a practical context involving addition and subtraction of money of the same unit, including giving change"
M09_Y3_MEAS,Measurement,"solve problems (a, money; b, length; c, mass / weight; d, capacity / volume)",M9,Year 3,"add and subtract amounts of money to give change, using both pounds (£) and pence (p) in practical contexts; add and subtract lengths (m/cm/mm); add and subtract mass (kg/g); add and subtract volume / capacity (l/ml)"
M09_Y4_MEAS,Measurement,"solve problems (a, money; b, length; c, mass / weight; d, capacity / volume)",M9,Year 4,"calculate different measures, including money in pounds and pence"
M09_Y5_MEAS,Measurement,"solve problems (a, money; b, length; c, mass / weight; d, capacity / volume)",M9,Year 5,"use all four operations to solve problems involving measures [money] using decimal notation, including scaling; use all four operations to solve problems involving measure [e.g. length] using decimal notation, including scaling; use all four operations to solve problems involving measure [e.g. mass] using decimal notation, including scaling; use all four operations to solve problems involving measure [e.g. volume] using decimal notation, including scaling"
M09_Y6_MEAS,Measurement,"solve problems (a, money; b, length; c, mass / weight; d, capacity / volume)",M9,Year 6,"solve problems involving the calculation and conversion of units of measure, using decimal notation up to three decimal places where appropriate"
G01_Y1_GEO,Geometry – properties of shapes,recognise and name common shapes,G1,Year 1,"recognise and name common 2-D shapes (e.g. rectangles, squares, circles, triangles); recognise and name common 3-D shapes (e.g. cuboids, cubes, pyramids, spheres)"
G01_Y2_GEO,Geometry – properties of shapes,recognise and name common shapes,G1,Year 2,compare and sort common 2-D and 3-D shapes and everyday objects
G01_Y3_GEO,Geometry – properties of shapes,recognise and name common shapes,G1,Year 3,Within key stage 1 content domain
G01_Y4_GEO,Geometry – properties of shapes,recognise and name common shapes,G1,Year 4,
G01_Y5_GEO,Geometry – properties of shapes,recognise and name common shapes,G1,Year 5,
G01_Y6_GEO,Geometry – properties of shapes,recognise and name common shapes,G1,Year 6,
G02_Y1_GEO,Geometry – properties of shapes,describe properties and classify shapes,G2,Year 1,
G02_Y2_GEO,Geometry – properties of shapes,describe properties and classify shapes,G2,Year 2,"identify and describe the properties of 2-D shapes, including the number of sides and line symmetry in a vertical line; identify and describe the properties of 3-D shapes, including the number of edges, vertices and faces"
G02_Y3_GEO,Geometry – properties of shapes,describe properties and classify shapes,G2,Year 3,"identify horizontal, vertical lines and pairs of perpendicular and parallel lines"
G02_Y4_GEO,Geometry – properties of shapes,describe properties and classify shapes,G2,Year 4,"compare and classify geometric shapes, including quadrilaterals and triangles based on their properties and sizes; identify lines of symmetry in 2-D shapes presented in different orientations; complete a simple symmetric figure with respect to a specific line of symmetry"
G02_Y5_GEO,Geometry – properties of shapes,describe properties and classify shapes,G2,Year 5,use the properties of rectangles to deduce related facts and find missing lengths and angles; distinguish between regular and irregular polygons based on reasoning about equal sides and angles
G02_Y6_GEO,Geometry – properties of shapes,describe properties and classify shapes,G2,Year 6,compare and classify geometric shapes based on their properties and sizes; describe simple 3-D shapes
G03_Y1_GEO,Geometry – properties of shapes,draw and make shapes and relate 2-D to 3-D shapes (including nets),G3,Year 1,
G03_Y2_GEO,Geometry – properties of shapes,draw and make shapes and relate 2-D to 3-D shapes (including nets),G3,Year 2,identify 2-D shapes on the surface of 3-D shapes (e.g. a circle on a cylinder and a triangle on a pyramid)
G03_Y3_GEO,Geometry – properties of shapes,draw and make shapes and relate 2-D to 3-D shapes (including nets),G3,Year 3,draw 2-D shapes; make 3-D shapes using modelling materials; recognise 3-D shapes in different orientations and describe them
G03_Y4_GEO,Geometry – properties of shapes,draw and make shapes and relate 2-D to 3-D shapes (including nets),G3,Year 4,
G03_Y5_GEO,Geometry – properties of shapes,draw and make shapes and relate 2-D to 3-D shapes (including nets),G3,Year 5,"identify 3-D shapes including cubes and other cuboids, from 2-D representations"
G03_Y6_GEO,Geometry – properties of shapes,draw and make shapes and relate 2-D to 3-D shapes (including nets),G3,Year 6,"draw 2-D shapes using given dimensions and angles; recognise and build simple 3-D shapes, including making nets"
G04_Y1_GEO,Geometry – properties of shapes,angles – measuring and properties,G4,Year 1,
G04_Y2_GEO,Geometry – properties of shapes,angles – measuring and properties,G4,Year 2,
G04_Y3_GEO,Geometry – properties of shapes,angles – measuring and properties,G4,Year 3,"recognise that angles are a property of shape or a description of a turn; identify right angles, recognise that two right angles make a half-turn, three make three quarters of a turn and four a complete turn; identify whether angles are greater than or less than a right angle"
G04_Y4_GEO,Geometry – properties of shapes,angles – measuring and properties,G4,Year 4,identify acute and obtuse angles and compare and order angles up to two right angles by size
G04_Y5_GEO,Geometry – properties of shapes,angles – measuring and properties,G4,Year 5,"know angles are measured in degrees: estimate and compare acute, obtuse and reflex angles; identify: angles at a point and one whole turn (total 360°), angles at a point on a straight line and ½ a turn (total 180°), other multiples of 90°; draw given angles and measure them in degrees (°)"
G04_Y6_GEO,Geometry – properties of shapes,angles – measuring and properties,G4,Year 6,"find unknown angles in any triangles, quadrilaterals and regular polygons; recognise angles where they meet at a point, are on a straight line, or are vertically opposite, and find missing angles"
G05_Y1_GEO,Geometry – properties of shapes,circles,G5,Year 1,
G05_Y2_GEO,Geometry – properties of shapes,circles,G5,Year 2,
G05_Y3_GEO,Geometry – properties of shapes,circles,G5,Year 3,
G05_Y4_GEO,Geometry – properties of shapes,circles,G5,Year 4,
G05_Y5_GEO,Geometry – properties of shapes,circles,G5,Year 5,
G05_Y6_GEO,Geometry – properties of shapes,circles,G5,Year 6,"illustrate and name parts of circles, including radius, diameter and circumference and know that the diameter is twice the radius"
P01_Y1_POS,Geometry - position and direction,patterns,P1,Year 1,
P01_Y2_POS,Geometry - position and direction,patterns,P1,Year 2,order and arrange combinations of mathematical objects in patterns and sequences
P01_Y3_POS,Geometry - position and direction,patterns,P1,Year 3,Within key stage 1 content domain
P01_Y4_POS,Geometry - position and direction,patterns,P1,Year 4,
P01_Y5_POS,Geometry - position and direction,patterns,P1,Year 5,
P01_Y6_POS,Geometry - position and direction,patterns,P1,Year 6,
P02_Y1_POS,Geometry - position and direction,"describe position, direction and movement",P2,Year 1,"describe position, direction and movement, including half, quarter and three-quarter turns"
P02_Y2_POS,Geometry - position and direction,"describe position, direction and movement",P2,Year 2,"use mathematical vocabulary to describe position, direction and movement, including movement in a straight line and distinguishing between rotation as a turn and in terms of right angles for quarter, half and three-quarter turns (clockwise and anti-clockwise)"
P02_Y3_POS,Geometry - position and direction,"describe position, direction and movement",P2,Year 3,
P02_Y4_POS,Geometry - position and direction,"describe position, direction and movement",P2,Year 4,describe movements between positions as translations of a given unit to the left / right and up / down
P02_Y5_POS,Geometry - position and direction,"describe position, direction and movement",P2,Year 5,"identify, describe and represent the position of a shape following a reflection or translation, using the appropriate language, and know that the shape has not changed"
P02_Y6_POS,Geometry - position and direction,"describe position, direction and movement",P2,Year 6,"draw and translate simple shapes on the co-ordinate plane, and reflect them in the axes"
P03_Y1_POS,Geometry - position and direction,co-ordinates,P3,Year 1,
P03_Y2_POS,Geometry - position and direction,co-ordinates,P3,Year 2,
P03_Y3_POS,Geometry - position and direction,co-ordinates,P3,Year 3,
P03_Y4_POS,Geometry - position and direction,co-ordinates,P3,Year 4,describe positions on a 2-D grid as co-ordinates in the first quadrant; plot specified points and draw sides to complete a given polygon
P03_Y5_POS,Geometry - position and direction,co-ordinates,P3,Year 5,
P03_Y6_POS,Geometry - position and direction,co-ordinates,P3,Year 6,describe positions on the full co-ordinate grid (all four quadrants)
S01_Y1_STAT,Statistics,interpret and represent data,S1,Year 1,
S01_Y2_STAT,Statistics,interpret and represent data,S1,Year 2,"interpret and construct simple pictograms, tally charts, block diagrams and simple tables"
S01_Y3_STAT,Statistics,interpret and represent data,S1,Year 3,"interpret and present data using bar charts, pictograms and tables"
S01_Y4_STAT,Statistics,interpret and represent data,S1,Year 4,"interpret and present discrete and continuous data using appropriate graphical methods, including bar charts and time graphs"
S01_Y5_STAT,Statistics,interpret and represent data,S1,Year 5,"complete, read and interpret information in tables, including timetables"
S01_Y6_STAT,Statistics,interpret and represent data,S1,Year 6,interpret and construct pie charts and line graphs and use these to solve problems
S02_Y1_STAT,Statistics,solve problems involving data,S2,Year 1,
S02_Y2_STAT,Statistics,solve problems involving data,S2,Year 2,ask and answer simple questions by counting the number of objects in each category and sorting the categories by quantity; ask and answer questions about totalling and comparing categorical data
S02_Y3_STAT,Statistics,solve problems involving data,S2,Year 3,"solve one-step and two-step questions [e.g. 'How many more?' and 'How many fewer?'] using information presented in scaled bar charts, pictograms and tables"
S02_Y4_STAT,Statistics,solve problems involving data,S2,Year 4,"solve comparison, sum and difference problems using information presented in bar charts, pictograms, tables and other graphs"
S02_Y5_STAT,Statistics,solve problems involving data,S2,Year 5,"solve comparison, sum and difference problems using information presented in a line graph"
S02_Y6_STAT,Statistics,solve problems involving data,S2,Year 6,
S03_Y1_STAT,Statistics,mean average,S3,Year 1,
S03_Y2_STAT,Statistics,mean average,S3,Year 2,
S03_Y3_STAT,Statistics,mean average,S3,Year 3,
S03_Y4_STAT,Statistics,mean average,S3,Year 4,
S03_Y5_STAT,Statistics,mean average,S3,Year 5,
S03_Y6_STAT,Statistics,mean average,S3,Year 6,calculate and interpret the mean as an average
